epoch,steps,Accuracy,Accuracy_Threshold,F1,F1_Threshold,Precision,Recall,Average_Precision
0,10000,0.7986666666666666,0.9651588201522827,0.8471659919028339,0.9651588201522827,0.8149951314508277,0.8819810326659642,0.9080658723526562
0,-1,0.7993333333333333,0.9630156755447388,0.8472856418061897,0.9630156755447388,0.8170254403131115,0.8798735511064278,0.9079602807175683
