epoch,steps,Accuracy,Accuracy_Threshold,F1,F1_Threshold,Precision,Recall,Average_Precision
0,-1,0.7993333333333333,0.9676904678344727,0.8472709063595393,0.9336410164833069,0.8072519083969466,0.8914646996838778,0.8983518249754397
