epoch,steps,Accuracy,Accuracy_Threshold,F1,F1_Threshold,Precision,Recall,Average_Precision
0,-1,0.7926666666666666,0.9451279640197754,0.8399002493765587,0.8821330070495605,0.7973484848484849,0.8872497365648051,0.9063648711777142
