epoch,steps,Accuracy,Accuracy_Threshold,F1,F1_Threshold,Precision,Recall,Average_Precision
0,-1,0.7993333333333333,0.7567131519317627,0.8439922480620154,0.3407999277114868,0.7811659192825112,0.9178082191780822,0.9193900151386831
1,-1,0.8,0.908466100692749,0.8432377049180327,0.6253460645675659,0.8205383848454636,0.8672286617492097,0.9149813527799973
2,-1,0.8006666666666666,0.9314249753952026,0.8478802992518704,0.3245090842247009,0.8049242424242424,0.8956796628029505,0.9043776126413926
3,-1,0.798,0.8827214241027832,0.846076458752515,0.1286359280347824,0.809432146294514,0.8861959957850368,0.8994543283631555
4,-1,0.7986666666666666,0.8584389686584473,0.8461538461538461,0.13193312287330627,0.8140214216163584,0.880927291886196,0.8986875908294771
