epoch,steps,Accuracy,Accuracy_Threshold,F1,F1_Threshold,Precision,Recall,Average_Precision
0,-1,0.7970725216234198,0.6246824264526367,0.8403275332650971,0.3942111134529114,0.7730696798493408,0.9204035874439462,0.9026644473758296
1,-1,0.7977378576180971,0.7985578179359436,0.8353293413173652,0.03994448482990265,0.7526978417266187,0.9383408071748879,0.9080643254526233
2,-1,0.7970725216234198,0.9997464418411255,0.8368286445012787,0.24989905953407288,0.7695202257761053,0.9170403587443946,0.8537846052002916
3,-1,0.7997338656021291,0.9834930896759033,0.8357438016528925,0.09000984579324722,0.774904214559387,0.9069506726457399,0.8629595086717302
4,-1,0.7997338656021291,0.9986289739608765,0.8357894736842105,0.6390573978424072,0.7876984126984127,0.8901345291479821,0.8566585794005587
